{
 "swagger": "2.0",
 "info": {
   "title": "Flask Task App API 0.1.0",
   "version": "1.0.0"
 },
 "paths": {
    "/api/users/login/user": {
      "post": {
          "tags": [
            "Authentication"
          ],
        "description": "Login User",
        "consumes": [
          "application/json"
        ],
        "produces": [
          "application/json"
        ],
        "parameters": [
          {
            "name": "user data",
            "in": "body",
            "description": "Credential for the user to login",
            "required": true,
            "schema": {
              "$ref": "#/definitions/UserData"
            }
          }
        ],
        "responses": {
          "200": {
            "description": "User logged in"
          },
          "400": {
            "description": "Invalid request data"
          }
        }
      }
    },
    "/api/users/get/users": {
     "get": {
        "tags": [
          "Users"
        ],
       "description": "Returns a list of users",
       "produces": [
         "application/json"
       ],
       "responses": {
         "200": {
           "description": "Successful operation"
         }
       }
     }
    },
    "/api/users/get/user/{userName}": {
      "get": {
          "tags": [
            "Users"
          ],
        "description": "Returns a single user by user name",
        "produces": [
          "application/json"
        ],
        "parameters": [
          {
            "name": "userName",
            "in": "path",
            "description": "User Name",
            "required": true,
            "type": "string",
            "format": "string"
          }
        ],
        "responses": {
          "200": {
            "description": "Successful operation"
          },
          "400": {
            "description": "Invalid ID supplied"
          },
          "404": {
            "description": "User not found"
          }
        }
      }
    },
    "/api/tasks/get/tasks/{userName}": {
      "get": {
          "tags": [
            "Tasks"
          ],
        "description": "Returns all tasks assigned to a user",
        "produces": [
          "application/json"
        ],
        "parameters": [
          {
            "name": "userName",
            "in": "path",
            "description": "User Name",
            "required": true,
            "type": "string",
            "format": "string"
          }
        ],
        "responses": {
          "200": {
            "description": "Successful operation"
          },
          "400": {
            "description": "Invalid ID supplied"
          },
          "404": {
            "description": "Tasks not found"
          }
        }
      }
    },
    "/api/tasks/get/task/{taskId}": {
      "get": {
          "tags": [
            "Tasks"
          ],
        "description": "Returns an individual task by ID",
        "produces": [
          "application/json"
        ],
        "parameters": [
          {
            "name": "taskId",
            "in": "path",
            "description": "Task ID",
            "required": true,
            "type": "string",
            "format": "string"
          }
        ],
        "responses": {
          "200": {
            "description": "Successful operation"
          },
          "400": {
            "description": "Invalid ID supplied"
          },
          "404": {
            "description": "Task not found"
          }
        }
      }
    },
    "/api/tasks/add/task": {
      "post": {
          "tags": [
            "Tasks"
          ],
        "description": "Adds a new task",
        "consumes": [
          "application/json"
        ],
        "produces": [
          "application/json"
        ],
        "parameters": [
          {
            "name": "task data",
            "in": "body",
            "description": "JSON payload for creating the task",
            "required": true,
            "schema": {
              "$ref": "#/definitions/TaskData"
            }
          }
        ],
        "responses": {
          "200": {
            "description": "Task added"
          },
          "400": {
            "description": "Invalid request data"
          }
        }
      }
    },
    "/api/tasks/update/task/{taskId}": {
      "post": {
          "tags": [
            "Tasks"
          ],
        "description": "Update a task by the tasks unique ID",
        "consumes": [
          "application/json"
        ],
        "produces": [
          "application/json"
        ],
        "parameters": [
          {
            "name": "taskId",
            "in": "path",
            "description": "Task ID",
            "required": true,
            "type": "string",
            "format": "string"
          },
          {
            "name": "task data",
            "in": "body",
            "description": "JSON payload for the updating the task",
            "required": true,
            "schema": {
              "$ref": "#/definitions/TaskData"
            }
          }
        ],
        "responses": {
          "200": {
            "description": "Task updated"
          },
          "400": {
            "description": "Invalid request data"
          }
        }
      }
    },
    "/api/tasks/delete/task": {
      "post": {
          "tags": [
            "Tasks"
          ],
        "description": "Delete Task",
        "produces": [
          "application/json"
        ],
        "parameters": [
          {
            "name": "task data",
            "in": "body",
            "description": "JSON payload for the deleting the task",
            "required": true,
            "schema": {
              "$ref": "#/definitions/TaskDataDelete"
            }
          }
        ],
        "responses": {
          "200": {
            "description": "Task deleted"
          },
          "400": {
            "description": "Invalid ID supplied"
          },
          "404": {
            "description": "Task not found"
          }
        }
      }
    }



 },
 "definitions": {
   "AccessData": {
     "type": "object",
     "properties": {
       "name": {
         "type": "string"
       },
       "server": {
         "type": "string"
       }
        

     }
   },
    "UserData": {
      "type": "object",
      "properties": {
        "email": {
          "type": "string",
          "format": "email"
        },
        "password": {
          "type": "string",
          "format": "password"
        }
        
      }
    },
    "TaskData": {
      "type": "object",
      "properties": {
        "name": {
          "type": "string"
        },
        "description": {
          "type": "string"
        },
        "user": {
          "type": "string"
        },
        "tasksId": {
          "type": "integer"
        },
        "status": {
          "type": "string"
        }

      }
    },
    "TaskDataDelete": {
      "type": "object",
      "properties": {
        
        "id": {
          "type": "string"
        }
      }
    }
 }
}
